userImg,userName,caption,timespan,imaUrl
https://higherlogicdownload.s3.amazonaws.com/SRAINTERNATIONAL/UploadedImages/167e255a-8759-4a2f-92f6-591d6d8f7afb/Catalyst-pictures/Text-body-images/april2021/Picture_2_Travel.jpeg,"
travels.destination",A girl with a fox ü¶ä,3 Hours Ago,https://i.pinimg.com/originals/2d/4f/15/2d4f155ec4656bd4712509547ccf161e.png
https://www.biography.com/.image/ar_4:3%2Cc_fill%2Ccs_srgb%2Cfl_progressive%2Cq_auto:good%2Cw_1200/MTQzMzAxODc2MTU3MjYxMzgz/emma-watson_gettyimages-619546914jpg.jpg,emmaW,"
Verified
I'm excited to reveal a global effort with @bookfairiesworldwide to hide 2,000 copies of Little Women! #LWBookFairies starts today and features over a hundred different editions of Louisa May Alcott‚Äôs classic novel to celebrate the release of #LittleWomenMovie, every one of which has a special note from me inside. 38 countries are involved in the campaign, and it‚Äôs going to be the largest book fairy event ever - follow the hashtag to see where they are being hidden over the next few days! Do you believe in book fairies?",3 Hours Ago,"https://hips.hearstapps.com/ell.h-cdn.co/assets/17/11/cnrazzpxgaic8e_.jpg?crop=1.0xw:1xh;center,top&resize=480:*"
https://www.mindinventory.com/blog/wp-content/uploads/2018/07/reactjs-1200x600.jpg,reactjs1,Comment a project that you're working on?,3 Hours Ago,https://www.mindinventory.com/blog/wp-content/uploads/2017/08/reactjs.jpg
https://thumbor.forbes.com/thumbor/fit-in/416x416/filters%3Aformat%28jpg%29/https%3A%2F%2Fspecials-images.forbesimg.com%2Fimageserve%2F5f47d4de7637290765bce495%2F0x0.jpg%3Fbackground%3D000000%26cropX1%3D1398%26cropX2%3D3908%26cropY1%3D594%26cropY2%3D3102,elon.m,"""When something is important enough, you do it even if the odds are not in your favor.""",3 Hours Ago,https://www.shayarihindime.com/wp-content/uploads/2020/09/Elon-musk-4-min.jpg
https://d2qp0siotla746.cloudfront.net/img/use-cases/profile-picture/template_3.jpg,denies,‚ÄúA question to yourself...‚Äù,3 Hours Ago,https://www.taleof2backpackers.com/wp-content/uploads/2018/09/Inspirational-Travel-Quotes-When-was-the-last-time-you-did-something-for-the-first-time.jpg
"data:image/webp;base64,UklGRpISAABXRUJQVlA4IIYSAACQfACdASq3ABMBPtFgqFCoJT+1I9Zrw/AaCWUnwkjPYtkDeCAJ8h0/ebN/bqvp/8d3NP+zwIDqf0HMXs1YO3Vg0iPJ9UblQxofib6K/hO3R+haL+xvCf/j/2j2x/1//S8VfkdqO/lX9E8GHdwbP/w/+r6hHtJ9v/6Xqe/U/87+9esn8X/pP+F7gH86/oX/M8rj/k+Ur9q/43sAfyr+6/9z/R/2b4jv7z/4/5z/Vftn7vP0T/M/+r/KfAX/Mv7N/3v8L7XPsm/cv2Yf3D//5T+qkklRxFX4mH4wNYhAm5xD9JIVN3RjckyWVdXBxgtKyoNLjfRBfJbTQAEiPbiEanavSBo1UybOukUG6sxb/b9gEGx0H+IZN+jVs////3qyPmiD4xL0qfB6GpU1T22wW508CO4ZhzYVW2lZSGy4G7XQoXITemh91204wG2fvL79TYKME8wGnvQ3ImQlGN2digQrGwi6HLqSC01xKrOeVCldgp7pAjJPinnaMbsws+ILLFZK7SbamzniPww9+Tso0cH4N87fPcdmvz5EvB5IVBqhAD4ym6RzA+py5F4uXhOMjDuWrmofc5MnxPE3s9Z7NCHGz+ObGsZlduYmP1cZdRSObC3Rttx6+2YD79azKFMv1+c+FjRn1wHF72z9bL1zVTr188KTYq1Cjaw3hg3XZXjBE4Ssqd6+x8xfmWcB+NlcYPwpa/F3uuf/598M+mmuHYJBjqzb7jkPbzZ+CP2H/zU0rzSXFRjowKi6ArhMUWVUoNqNGkWk2svCI0W9rT3srz2agnajS9lEsWEE5LDpI75YP+BvcafkEnaGnDiCf356F+VZSAYAwZfbBi9T8i+vZQ0Vl4iqqsxax2hIhUeKU3zFdRCpskLAInwEPf2q+0yL5GGwxj2WCJ9vIyfTaufBLmxw2f6vBDl+asIdmjP2h2xBdN8SkX/HF4OQOvH/6Uyf14wkTd/6dhMmKdwZyk+xbl1Unp8iwAldSF8kY0JieBMsbXykH/ZGdQ+LqkD29/Rd84lwZsjTI58o+dOMxOMdZZy/n2sPoNpYrUlr0i+/xf6RqxYKkvidD1vUDvVdLtHhhG3FSEs1WkdxfcDmJF0qiyeDW/SA4HllP25jnRDll9wnCAM39sExqRoa148Fni+RQ/QGfxfvk/jNqwrzYUdaUsQU0vJ945CEIIttKpfIY3PkTGPzlRJ+jPjsi8q1wlyE9/+6aCBB1Ro8fpBbPsBu046qvMMTQ2PRuxnqT5aWooBjn5q6QxM1fXlAqBBWPCB0H4l6w7K03/qnIRmzYjlOKnnZUb9SbKeeUUDa6JOje/q87UMvp77xcEHXX8D45wAA/vTRpey/25ytsGhPiolpYmZ0gp/iJBtjtZY6/tXIbfX7Wb2psSfBqZPQDFcp/OhcPWf7QEkj3ubJWG0EZQNlIYVN/pt9k8Ptxt5OjAlPpvI1q3SatR4HfEVnwlYwE9PHYmhOeFpGI0KGbSNp85R+roHJVP0mSJpE2EINxUngJpMl5u9WbzQkxf4mACfExMM6UJL3mqxxymw14PcbSI9AA79fy/bvWZz/lJKPljuHfiE4fs8ZMCPZqsgE68nZ8kqtsyEXT+zoV3VcvvXHasFmPiPSoFva4CvIvm9hReoAaOyTUFORIkC4ajjiRzKakUxsN7bcdK5Jl9A3Ih9/kEADrC79ufZJsGXJGvTu1xVZLmt64NPfW91OwMPTVSteac+TBaxu3hsy8IaVAANhhIdbJYcI66WuelYibWlt/FfNxI1ogoL6tS+lZuR30jZzxkjr79VLVPds1D5rRNCB0xuJXRt2vtYteZXyM4V3Y53Yxz2x3TQOsFl++GQTRYYefrH8nKCuKqK51Gs2zuEpAOviJZhgebUwaiCzsDG3tD5DBcO5OkDOfkYy7lEAY09CW/wDPW8Anzw3qUys1bx3woEFVQcLKzbs8dSqZ5oeOD+MG3Bld0aDX5ZlLytTD/YgAVWKWUjuzjYILAUiD2WHegPDdlH8b77SwvyY8Y984+QDqbtYp2Cc2v3O1Z/hodWprDjIVWB0g9BlbU+8isLuGgkCfWD5doEbwsAdwRvNIhvf15d5707ER02XY7tq/viOFUWsBEuN0wAWYltLGkNtEElBkoMlBkjeKR8R2cwW9A1YeOiJpAHME2MZKsxaeOVwVZy+5mt7nGeJF6WLQo/IfIIe6VCAmikicVCDO68OaCB4cduEjz3LVTdMo6xrpZQt5FrQXbx9cty/qWuYe7G3bTsiZmfYF6JT0/EmOn9XL65PuplzSosE22eDJwESU4ZyYkDaJRgLLMFwigyiT1/FCc/8nKfaOw2uu5Zk7YJJUQYc0zXDUI8er7RdLSO+T9zQVJquPvBNDgS0bnjqLlNinKzSIeaUcBaTO7tElYQi4+v7jmHIbQ4Ux0lOuTq880BQ1eKL+BF9RfN2aJ3ftKQkdYFqAJW6uQG2GTGewvgwO+IyD243irDQfV7Dhcu+lQitR9a5dbuEMQDeAPh6k6AnnWxYLniAZNp5Dn6AP8vXKTK39t64CRL4e8XCVOaowg+UNFayBury/uKgOeFK7B1bN1/3Qm2Q2OULV5IeAB//Q80xHRk0vwoIyKb/7D+9wLXwiAnYjQyi0FIIgg5RSDceOoEfDPdkkrC2vP/fmP+TnNb+LSA7XSH2dj5ojwREuqE36NzFailzOC+DYf2w80AdT13htbohhY528TQjpgkLj1T52jyLTIsh9Q0Zs9K0jDmttCDqETuuv19fvakDip50lqP+RuH3ZnigGA+rHGUQSgYZ5Dlh1KBdcsnRnW6tJYqBNsE15b+bHqpqWN4LeruabqPgP6Kf6/5HzCE+GmtOKbYDM9WCOY0hS3HQN+fKvlMRxiT/ISQo51QA4iVNUK3lbPIBmx7hnxpkNphMIQ7L2OVRgb0rK0J7HoS5ktnKHNu6Jon/uPXd9SAC6cc/bbODDiLPk3UeoOJWNlkatWBg3Bks7NsHqG/Qx+2SU0EuuXS8LLIIDg+0UK0UXknxxq26TNPZASxXIRm8/OZWKWaNrPrZIqJ+bI6qu0hkOLtC/EsK7y3qa0NaZqeW6TN0ilWw2ASLLD0FwuqdNFC6/XRCUBoGn99SosDifaSgt2DRL96XLIJeGw0Yqx+ltrYWoALGAtxks7mPZ51lVBhmEbJBU1NPCRmfI3gEDYnWu/gS4a7lVJaepppQqKo3Vze+1ceqDBLUIzsLdoL/qRYzLpFe+Q19ZNEoqZNwOwOG0KAK4QhPvjrc5Btk4Y712tXF3uFUOdxDgfXDBZ0pSvhYxP2wTfnr/NBJr3V+1tZ2vwugk288ir+GBxGrpHMlIjAioFjcS1Qj1+GeabcULT+MG8pZgh7BaqEVbLFR0Mw4e3ROY0ejGY47YyT0W9XmLBM1YrKhUGfe0uGlXKwWdwYR3BuD8nYpDMBQ9MBxMFKpBsyJ63fb3i8KXsUT88KEZt3YqxHYr0mPGAfEcGLhN19fdGuU2mk5rqGQ1rBA+is++AKmd9w626jDxPidstG5n34ofev6TNec7EheyB24xJgnWJnpXqmgA3ejr5HQe+BRJg5X0jKZI5tdP2gj7wyD0L7F/J4RHe/U5kANASTbFsJoMh8MoJDVTYNjrLLgJOkxwJGQefGMkPnyAGAgAGCxdv/8LtP/ic/vX5al5nfsNlhpvOWZ3v2yzjaLYtnrDg/PKw+zxwA1cKHIoXlVXuJQV7vAltLoA9MgDid+Fl/CuwwAZpwwxc83kOxa+19O1PN+9oFjSXMnGDzW7f5JGr4K90OBBCjgP7cQpZKSEj+ehmmFwNfE5yF8TbGTV7HN85zBBF1AZezrma1SDkehU2rMgHsPFA8lP1FMDqFv5B0DbZBt9MtewllSPbdY2XTLOQd7SCIj3//dELaELKY4eyGFe4vRTQWxG6UwYn/19Xkn3I3NELr5bNb1F05ugADf/aqyxOX3OFG8ngxCZSMvBjI3hQc13T2QkokyhMXIaj6Zsmc6joQui+i4aLLCDd+qQMF8b0HxNvjNMYhi18+Qf0q3YuL8PWIXYgmNYWPXPtx+y9ouQkHcwtBsdKbS4g68t8HDlpGkokfX22pDcUgvTal8+VYdSzHPXyx862pWzznZjEIXjBd0AtEbrCZq/hQEhK2PRdx7qSND5zvijXZE3t+W3hZ8f+h37ODfZZROW2+Tcw5IuP+ITAfo0xcQxOZNzTQK40nbIOUyTrJYC48+mBOi6AepxzcaHa+3ohwEbI9+L7/NeCve138O/Oz6ybsrNkIoiz/ttSB4gq6RYWEAVp7QrzOh9R/gvXM4pgI2vaiYVxg0Kt9MqfqQoMDssO7QA43dRklvjhXyNt+CM7gWuOzg4uoN1oYpQ/h5zsE0pPHWhidXB4fhg/eoBvmtmEqESpHJydrmt0IO1EXkGl21s8RQ/m5hgldbTMN1VUSzzeOLiA1OY5coEFuKTSAqHg12ZC4u4/RpSWf9o4Sdo1Zf0WzdNuoBVOHsClC6kwCpLOWkJ48I3yBZK5Ma60NniFzbQBs560YsRkLQc/3ZpLmIoTUnumG5qWK4JlXia8SknwUyi+cS0/hYGtxrleHIIt1UyZ6G0UkjwqWgSY9FkNRNuBlzgZYApR4lmBBXWJmTUpLx+DbUJQL2D0j40GVQlC7g1rjYhWRFHDi0HmTLbvsGQPxLPJh9dk83LF9YCAzFrKget/s1Eyx+Dc/xNFQ4p6WNivgNbAQQpuNALadh3z30CpyK/1aYL+AgdlJD1yIup9II8fQzvN40BMxjmSrQSIBUm/apfVP4OXdnPw2ZvOGwmsKepF8aHs/OlTLlV9Qk48Kvn5u9z8TyMYhngRKYBr8Z+wr4oz8aRCLLALnTffycbEEswBMlnkzyAfeMFyfWmuLTx7v5f1P+Dz6ZMBItLRxu0eQEy24DQwuADi9khPUc/dN+tYvaFuE8L2SvFIVrgmuIIQe2cF8PmpWFCrT9A1b9/LareLopmi9weBgIh254ZcFJfAAHF1csl/2Sj63gS8563DVtZVVQZdhxd0mLFdOIVXF/CunucrV2O9paZn8ovN9Y9JMRcr+q/P1N2AQiBjgZrgq4VPrwG2AYZuaBYr4FJRmWtUaqe1+8i+0D097Z9I6jsMOiC7JfPa1gmyT90L+TUDbS8jZF6Ga5WpQ3Elnl4fYBAJhqhmoRvI5q4ZuTNuPlTMF3vZ/x3OBcsF2MUQAkTlthv4PPkV+jc3/mefCP/eMiW12L5ylqr4g3bDVDV/qmgrmtae7KIUL0fmL+JF8spaXHP1a7vv7nypMbSbAJ8zqhi47CcKstnFBpJBf2zRdnOcjTGiGQ9rq3FapYuBABtP4qzSOFwoGPEcfhHNeu+dJQkixMvBZq5Fv10KcruacTwK5zgoeZoj5dsJ9+Rz7Q0N9o/H6ibBWRMyt/kkJ5wnbulCcD0cfZfUsXHOib6lWmF6T8qv1W4YweBolHTWXRMjTzdc3uJuZhn9cfOs8jx5zakj+OYEt/VZJ7R9fjMzXC1RvJQxsAVlOMTcLg+M3XQF32t1gyfXem9wJAQgpWcoScAQIFRlFVWsSRszmlGoAgC8GJHUpt862R/Zcs6oyLXc4X9Mx6jAM1v6q2YX08Uc2BBcN8OQm6u9JqknG/e922qX/HKAM+OPTrPDmOasRIQQx/+yDK4euHQS2oWuedjEHjenOzb2y32YnT3Fx8zX7RoBSqMh++YRTAF5V/78GTNkIYITa8K7vyc8SUuRMswqPFXgWXnBvf17D3ZLVMsqb5vm+4iGJx4WhNPkgDBeDyh0PXBEEfhT+7+X68jsb+W5+XMpA8oRHaiMoz62GboqlGCMT6xef+oCqsa24N35SmT+m5Oj6L5MRFWEG9/3P7DbsSKnfo1TXD1TuEFjN+Sd9BYK7lZOwDC4lW/UYUsJ8gLKAnvq3V82riU8mIEzHNw97HrVUYC3f1164aT7YC9eVMRb9RqjNYjvHhyviweHvjzao9Kbcql0qpSqF1Jkvco2X8D3pcTzWeHDp5/8SCr17X8UwY9GyZZzwV/c1h8p6I3oeQwhB6//wBtyulsjSm/dUcfyYDc/iBiq2q+d1oRP1qySS4VZ3FpzJKJmAKOwZZvJ8ftjS1X9M5mAC/4DCr5DYYL3n8Posx9bt3ZFBUnApDc4BxboFj701hwK0zdbhdvPq88lBOjcnFdvNRmMUQOTcmu6BxmGK4x0mZkHs8lnChFJwxsk033mt37UAzlJdPdxAAGsAhe2Yx0aAvgRHGGmnai8LWPSMcAAAIUP9/XwyuGyhytCUkcoF5HAPioEizilIoB/0gfSVzHs+CgBAAXQmwAA==",wanderlust,"""A¬†journey¬†of a thousand miles must begin with a single step."" - Lao¬†",4 Hours Ago,https://www.davestravelpages.com/wp-content/uploads/2019/07/wanderlust-quotes.jpg
