userName,imageUrl,,,,,,,
arp,“https://expertphotography.com/wp-content/uploads/2018/10/cool-profile-pictures-retouching-1.jpg”,,,,,,,
shel,“https://expertphotography.com/wp-content/uploads/2020/07/instagram-profile-picture-size-guide-3.jpg,,,,,,,“
chris,“https://www.socialnetworkelite.com/hs-fs/hubfs/image2-17.jpg?width=1200&name=image2-17.jpg ”,,,,,,,
akha,“https://www.theattitudequotes.com/wp-content/uploads/2021/05/INSTAGRAM-Dp-60.jpg“,,,,,,,
danie,“https://i.pinimg.com/236x/f1/c1/98/f1c1985141ae734194fe69fd52dcb4eb.jpg“,,,,,,,
james2,“https://encrypted-tbn0.gstatic.com/images?q=tbn:ANd9GcSB4zHF0BcqXQADiApnqV5GCsgqfX1czf1PaoXHZCwL8JjODr1oKgOPJkB2DTZB8KhINS8&usqp=CAU”,,,,,,,
harry,“https://encrypted-tbn0.gstatic.com/images?q=tbn:ANd9GcSTHuRmBtvjTxpvhPcYeDktaSr0f4_M3D1wNg&usqp=CAU“,,,,,,,
emma,"“https://i.pinimg.com/736x/e7/2c/d0/e72cd051a31b27ee3a2e4bb4c6a76fa1.jpg”





",,,,,,,
